run_id,timestamp,model,model_path,scene_enabled,scene_model_path,scene_interval,frames,duration_s,avg_fps,mean_yolo_inference_ms,mean_pipeline_ms,scene_runs,mean_scene_inference_ms_when_run,scene_cost_ms_per_video_frame,mean_rss_mb,peak_rss_mb,peak_cuda_allocated_mb,mean_alarm_response_s,final_alarm_state,alarm_state_changes,model_size_mb,parameters,gflops,jetson_model,gpu,python,torch,torch_cuda,ultralytics,opencv
JETSON_YOLO11_test01fire_20260819_000320,2026-08-19T00:04:20,YOLO11,/home/mikumi/Desktop/Fire_Scene_Optimization/models/yolo11s_p20_best_fp16.engine,True,/home/mikumi/Desktop/Fire_Scene_Optimization/models/mobilenetv3_scene.pt,3,177,60.21095841800002,3.937580503163769,28.4656364519666,58.121189316383514,59,42.160901864409134,14.053633954803043,1375.5350238347455,1376.03125,43.78759765625,1.2664269800343464,normal,12,17.2,,,NVIDIA Jetson Orin Nano Engineering Reference Developer Kit Super,Orin,3.10.12,2.8.0,12.6,8.4.115,5.0.0
JETSON_YOLO11_test01fire_20260819_000427,2026-08-19T00:05:25,YOLO11,/home/mikumi/Desktop/Fire_Scene_Optimization/models/yolo11s_p20_best_fp16.engine,True,/home/mikumi/Desktop/Fire_Scene_Optimization/models/mobilenetv3_scene.pt,3,206,58.35040864400003,3.963066800721045,27.014422766982428,58.349194563114445,69,42.23003172462639,14.145010626209812,1394.9289669296118,1395.05078125,43.78759765625,0.6916200449281812,fire_alarm,2,17.2,,,NVIDIA Jetson Orin Nano Engineering Reference Developer Kit Super,Orin,3.10.12,2.8.0,12.6,8.4.115,5.0.0
JETSON_YOLO11_test01smoke_20260819_000641,2026-08-19T00:07:42,YOLO11,/home/mikumi/Desktop/Fire_Scene_Optimization/models/yolo11s_p20_best_fp16.engine,True,/home/mikumi/Desktop/Fire_Scene_Optimization/models/mobilenetv3_scene.pt,3,213,60.25892932600004,3.911512652048037,26.626366563382383,56.57247405633612,71,42.703727577469486,14.234575859156497,1446.8585313967135,1446.9765625,43.78759765625,1.2816464387193227,smoke_warning,33,17.2,,,NVIDIA Jetson Orin Nano Engineering Reference Developer Kit Super,Orin,3.10.12,2.8.0,12.6,8.4.115,5.0.0
JETSON_YOLO11_test01smokefire_20260819_000820,2026-08-19T00:09:20,YOLO11,/home/mikumi/Desktop/Fire_Scene_Optimization/models/yolo11s_p20_best_fp16.engine,True,/home/mikumi/Desktop/Fire_Scene_Optimization/models/mobilenetv3_scene.pt,3,212,60.06865270200001,3.90300824852338,28.14402113681096,57.6768900094298,71,42.25641616901965,14.151912962266012,1446.7594523879718,1446.81640625,43.78759765625,0.7626745037622394,fire_alarm,10,17.2,,,NVIDIA Jetson Orin Nano Engineering Reference Developer Kit Super,Orin,3.10.12,2.8.0,12.6,8.4.115,5.0.0
JETSON_YOLO11_test01negative_20260819_000952,2026-08-19T00:10:53,YOLO11,/home/mikumi/Desktop/Fire_Scene_Optimization/models/yolo11s_p20_best_fp16.engine,True,/home/mikumi/Desktop/Fire_Scene_Optimization/models/mobilenetv3_scene.pt,3,213,60.15788965999991,3.9879844146912498,27.115029488270668,55.704246788713895,71,42.8899011408248,14.296633713608268,1479.8624926643192,1482.16796875,43.787109375,,smoke_warning,1,17.2,,,NVIDIA Jetson Orin Nano Engineering Reference Developer Kit Super,Orin,3.10.12,2.8.0,12.6,8.4.115,5.0.0
JETSON_YOLO11_test02fire_20260819_001132,2026-08-19T00:12:32,YOLO11,/home/mikumi/Desktop/Fire_Scene_Optimization/models/yolo11s_p20_best_fp16.engine,False,/home/mikumi/Desktop/Fire_Scene_Optimization/models/mobilenetv3_scene.pt,3,215,60.22207140399996,3.8941577117525106,29.523141246519053,46.847759530236395,0,0.0,0.0,1504.7442223837209,1522.6171875,37.88037109375,0.7843196195593248,fire_alarm,33,17.2,,,NVIDIA Jetson Orin Nano Engineering Reference Developer Kit Super,Orin,3.10.12,2.8.0,12.6,8.4.115,5.0.0
JETSON_YOLO11_test02smoke_20260819_001254,2026-08-19T00:13:54,YOLO11,/home/mikumi/Desktop/Fire_Scene_Optimization/models/yolo11s_p20_best_fp16.engine,False,/home/mikumi/Desktop/Fire_Scene_Optimization/models/mobilenetv3_scene.pt,3,214,60.2581312289999,3.85063346716812,34.64933504674094,51.76809266355742,0,0.0,0.0,1565.7505841121497,1581.015625,37.88037109375,1.302125188996868,normal,25,17.2,,,NVIDIA Jetson Orin Nano Engineering Reference Developer Kit Super,Orin,3.10.12,2.8.0,12.6,8.4.115,5.0.0
JETSON_YOLO11_test02smokefire_20260819_001416,2026-08-19T00:15:16,YOLO11,/home/mikumi/Desktop/Fire_Scene_Optimization/models/yolo11s_p20_best_fp16.engine,False,/home/mikumi/Desktop/Fire_Scene_Optimization/models/mobilenetv3_scene.pt,3,212,60.23513206999996,3.842054351550761,34.47338452356706,50.527815165095625,0,0.0,0.0,1616.4080557193397,1629.82421875,37.88037109375,0.7846071218700011,normal,23,17.2,,,NVIDIA Jetson Orin Nano Engineering Reference Developer Kit Super,Orin,3.10.12,2.8.0,12.6,8.4.115,5.0.0
JETSON_YOLO11_test02negative_20260819_001611,2026-08-19T00:17:12,YOLO11,/home/mikumi/Desktop/Fire_Scene_Optimization/models/yolo11s_p20_best_fp16.engine,False,/home/mikumi/Desktop/Fire_Scene_Optimization/models/mobilenetv3_scene.pt,3,215,60.17351271999996,3.896210453133338,35.83969225580594,50.46802335347693,0,0.0,0.0,1632.7879360465117,1636.75390625,37.88037109375,,normal,0,17.2,,,NVIDIA Jetson Orin Nano Engineering Reference Developer Kit Super,Orin,3.10.12,2.8.0,12.6,8.4.115,5.0.0
